euring_code,scientific_name,year,index_pct,lower_cl,upper_cl,index_se,observation_records,occupied_cells,centroid_latitude,centroid_longitude,median_latitude,north_edge_latitude,annual_mean_temp_c,annual_precip_mm,breeding_mean_temp_c,breeding_precip_mm,temperature_anomaly_c,breeding_temperature_anomaly_c,polish_name,trend_long_pct,trend_10y_pct,long_term_start_year,long_term_slope,long_term_se,long_term_classification,ten_year_start_year,ten_year_slope,ten_year_slope_se,ten_year_classification,habitat,graph_note,population_change_pct,occupied_cells_change_pct
1340,Ciconia ciconia,1980,100.0,100.0,100.0,0.0,319,117,48.60683760683761,10.709401709401709,48.0,61.0,10.66485345255837,662.9454545454545,14.963189269746646,211.9,-1.4812585636286535,-1.785238450074516,Bocian biały,81.45,-5.78430863492393,1980,1.016654726,0.003877079,Moderate increase (p<0.01),2015,1.006895484,0.004631005,Stable,farmland,,,
1340,Ciconia ciconia,1981,101.5065789,12.114220348,190.898937452,45.6083462,301,110,49.36363636363637,10.727272727272728,50.5,62.55,11.335591531755917,665.290909090909,15.70715350223547,215.5090909090909,-0.8105204844311071,-1.041274217585693,Bocian biały,81.45,-5.78430863492393,1980,1.016654726,0.003877079,Moderate increase (p<0.01),2015,1.006895484,0.004631005,Stable,farmland,,1.5065788999999885,-5.982905982905984
1340,Ciconia ciconia,1982,125.3447368,-5.34595325999997,256.03542686,66.6789235,249,100,48.25,9.94,47.5,59.05,11.598879202988792,573.4636363636363,15.895603576751116,186.5818181818182,-0.5472328131982316,-0.8528241430700465,Bocian biały,81.45,-5.78430863492393,1980,1.016654726,0.003877079,Moderate increase (p<0.01),2015,1.006895484,0.004631005,Stable,farmland,,23.48434767315364,-9.090909090909092
1340,Ciconia ciconia,1983,133.6092105,-10.545975528,277.764396528,73.5485643,305,120,47.38333333333333,11.691666666666666,46.5,59.0,11.776413449564131,577.1818181818181,16.378092399403872,198.8090909090909,-0.3696985666228904,-0.3703353204172899,Bocian biały,81.45,-5.78430863492393,1980,1.016654726,0.003877079,Moderate increase (p<0.01),2015,1.006895484,0.004631005,Stable,farmland,,6.593395072652131,20.0
1340,Ciconia ciconia,1984,127.0618421,-10.419723072,264.543407272,70.1436557,281,124,46.13709677419355,8.814516129032258,46.0,58.0,11.263263785394932,660.4727272727273,15.356706408345753,212.85454545454547,-0.8828482307920904,-1.3917213114754097,Bocian biały,81.45,-5.78430863492393,1980,1.016654726,0.003877079,Moderate increase (p<0.01),2015,1.006895484,0.004631005,Stable,farmland,,-4.9003870133638605,3.333333333333344
1340,Ciconia ciconia,1985,110.5092105,-9.346178748,230.364599748,61.1507088,292,124,46.193548387096776,12.064516129032258,45.5,57.0,10.68906600249066,617.1636363636363,15.86311475409836,206.41818181818184,-1.4570460136963632,-0.885312965722802,Bocian biały,81.45,-5.78430863492393,1980,1.016654726,0.003877079,Moderate increase (p<0.01),2015,1.006895484,0.004631005,Stable,farmland,,-13.02722463835585,0.0
1340,Ciconia ciconia,1986,113.8486842,-9.74471493199999,237.442083332,63.0578567,321,145,45.72413793103448,13.63448275862069,46.0,57.0,11.11247820672478,620.9636363636364,16.150298062593144,199.0090909090909,-1.033633809462243,-0.5981296572280179,Bocian biały,81.45,-5.78430863492393,1980,1.016654726,0.003877079,Moderate increase (p<0.01),2015,1.006895484,0.004631005,Stable,farmland,,3.021896260855117,16.93548387096775
1340,Ciconia ciconia,1987,116.8710526,-10.594485684,244.336590884,65.0334379,342,130,46.20769230769231,14.4,46.0,56.55,10.80505603985056,652.5727272727273,15.595007451564827,212.45454545454547,-1.3410559763364631,-1.1534202682563333,Bocian biały,81.45,-5.78430863492393,1980,1.016654726,0.003877079,Moderate increase (p<0.01),2015,1.006895484,0.004631005,Stable,farmland,,2.65472404994207,-10.344827586206897
1340,Ciconia ciconia,1988,108.9,-9.61864866800001,227.418648668,60.4686983,601,165,46.47878787878788,13.587878787878788,47.0,58.0,11.625260804769,626.1545454545454,16.24552906110283,205.0090909090909,-0.520851211418023,-0.5028986587183333,Bocian biały,81.45,-5.78430863492393,1980,1.016654726,0.003877079,Moderate increase (p<0.01),2015,1.006895484,0.004631005,Stable,farmland,,-6.820382312531681,26.92307692307692
1340,Ciconia ciconia,1989,126.8671053,-11.121672396,264.855882996,70.4024376,617,174,46.89655172413793,12.994252873563218,47.0,59.0,12.270236612702366,590.6727272727272,16.376900149031297,198.03636363636363,0.1241245965153421,-0.3715275707898655,Bocian biały,81.45,-5.78430863492393,1980,1.016654726,0.003877079,Moderate increase (p<0.01),2015,1.006895484,0.004631005,Stable,farmland,,16.498719283746553,5.454545454545445
1340,Ciconia ciconia,1990,135.9394737,-11.948271452,283.827218852,75.4529312,805,183,48.4207650273224,12.01639344262295,49.0,60.900000000000006,12.236488169364884,562.2181818181817,16.293591654247393,181.62727272727275,0.0903761531778588,-0.4548360655737689,Bocian biały,81.45,-5.78430863492393,1980,1.016654726,0.003877079,Moderate increase (p<0.01),2015,1.006895484,0.004631005,Stable,farmland,,7.15108016262116,5.172413793103448
1340,Ciconia ciconia,1991,124.2118421,-10.969053316,259.392737516,68.9698446,831,184,46.56521739130435,13.190217391304348,46.5,57.0,11.25247820672478,600.8363636363637,15.299925484351716,220.2636363636364,-0.8936338094622425,-1.448502235469446,Bocian biały,81.45,-5.78430863492393,1980,1.016654726,0.003877079,Moderate increase (p<0.01),2015,1.006895484,0.004631005,Stable,farmland,,-8.627097987653908,0.5464480874316946
1340,Ciconia ciconia,1992,128.4210526,-11.171592312,268.013697512,71.2207372,929,181,46.85635359116022,11.226519337016574,47.0,58.0,11.737406855439644,533.9181818181819,16.145901639344263,184.98181818181817,-0.408705160747381,-0.602526080476899,Bocian biały,81.45,-5.78430863492393,1980,1.016654726,0.003877079,Moderate increase (p<0.01),2015,1.006895484,0.004631005,Stable,farmland,,3.388735267778453,-1.6304347826086918
1340,Ciconia ciconia,1993,148.9368421,-12.790495588,310.664179788,82.5139478,940,216,47.05092592592592,12.50462962962963,47.0,59.0,11.254371108343712,595.4818181818182,16.11028315946349,203.25454545454548,-0.8917409078433121,-0.6381445603576736,Bocian biały,81.45,-5.78430863492393,1980,1.016654726,0.003877079,Moderate increase (p<0.01),2015,1.006895484,0.004631005,Stable,farmland,,15.975409860485756,19.33701657458564
1340,Ciconia ciconia,1994,157.8657895,-14.158820572,329.890399572,87.7676582,1039,189,47.17989417989418,10.788359788359788,47.0,59.0,12.192229140722292,574.3727272727273,16.518032786885247,190.15454545454543,0.046117124535268,-0.2303949329359156,Bocian biały,81.45,-5.78430863492393,1980,1.016654726,0.003877079,Moderate increase (p<0.01),2015,1.006895484,0.004631005,Stable,farmland,,5.995123351685461,-12.5
1340,Ciconia ciconia,1995,147.1605263,-15.436058844,309.757111444,82.9574414,1207,235,47.791489361702126,11.08936170212766,48.0,58.29999999999998,11.945130759651308,598.3272727272728,16.494485842026823,176.71818181818182,-0.2009812565357158,-0.2539418777943396,Bocian biały,81.45,-5.78430863492393,1980,1.016654726,0.003877079,Moderate increase (p<0.01),2015,1.006895484,0.004631005,Stable,farmland,,-6.781243253466274,24.33862433862435
1340,Ciconia ciconia,1996,169.3802632,-16.353882628,355.114409028,94.7623193,1420,243,47.20987654320987,10.08641975308642,48.0,58.0,11.0123695976155,702.5545454545454,16.025409836065577,209.62727272727275,-1.133742418571524,-0.7230178837555847,Bocian biały,81.45,-5.78430863492393,1980,1.016654726,0.003877079,Moderate increase (p<0.01),2015,1.006895484,0.004631005,Stable,farmland,,15.09897895764729,3.404255319148941
1340,Ciconia ciconia,1997,160.0263158,-15.708953728,335.761585328,89.6608518,1665,213,47.394366197183096,11.450704225352112,48.0,59.0,11.854869240348693,669.3727272727273,15.917660208643817,249.3090909090909,-0.2912427758383309,-0.8307675111773474,Bocian biały,81.45,-5.78430863492393,1980,1.016654726,0.003877079,Moderate increase (p<0.01),2015,1.006895484,0.004631005,Stable,farmland,,-5.52245416513204,-12.34567901234568
1340,Ciconia ciconia,1998,175.5171053,-16.381210344,367.415420944,97.9073039,1984,251,48.01593625498008,10.95219123505976,49.0,58.0,11.80002490660025,641.6636363636363,16.356110283159463,224.97272727272727,-0.3460871095867741,-0.392317436661699,Bocian biały,81.45,-5.78430863492393,1980,1.016654726,0.003877079,Moderate increase (p<0.01),2015,1.006895484,0.004631005,Stable,farmland,,9.680151306714023,17.84037558685445
1340,Ciconia ciconia,1999,188.6934211,-17.270115616,394.656957816,105.0834371,2398,250,47.224,10.288,47.0,58.0,12.202291407222914,632.5454545454545,17.000596125186288,200.37272727272727,0.05617939103589,0.2521684053651256,Bocian biały,81.45,-5.78430863492393,1980,1.016654726,0.003877079,Moderate increase (p<0.01),2015,1.006895484,0.004631005,Stable,farmland,,7.507140559023329,-0.3984063745019917
1340,Ciconia ciconia,2000,196.2210526,-18.136707632,410.578812832,109.3662042,2481,273,46.95970695970696,11.706959706959706,47.0,58.0,12.403825136612022,602.7545454545455,16.73397913561848,208.3272727272727,0.2577131204249987,-0.0144485842026824,Bocian biały,81.45,-5.78430863492393,1980,1.016654726,0.003877079,Moderate increase (p<0.01),2015,1.006895484,0.004631005,Stable,farmland,,3.989344968212039,9.200000000000008
1340,Ciconia ciconia,2001,206.15,-17.615055808,429.915055808,114.1658448,3191,308,46.51948051948052,12.733766233766234,47.0,58.0,12.01686176836862,606.7454545454545,16.566840536512668,191.7090909090909,-0.1292502478184047,-0.1815871833084941,Bocian biały,81.45,-5.78430863492393,1980,1.016654726,0.003877079,Moderate increase (p<0.01),2015,1.006895484,0.004631005,Stable,farmland,,5.0600826305015945,12.82051282051282
1340,Ciconia ciconia,2002,181.3144737,-18.91227218,381.54121958,102.156503,3614,301,47.27906976744186,11.129568106312291,48.0,58.0,12.188891656288916,684.5818181818181,16.846795827123696,211.2090909090909,0.0427796401018927,0.0983681073025337,Bocian biały,81.45,-5.78430863492393,1980,1.016654726,0.003877079,Moderate increase (p<0.01),2015,1.006895484,0.004631005,Stable,farmland,,-12.047308416201796,-2.2727272727272707
1340,Ciconia ciconia,2003,222.5026316,-20.230540788,465.235803988,123.8434553,3729,320,47.5625,11.090625,48.0,59.0,12.095790784557908,569.1636363636363,17.29612518628912,174.29999999999998,-0.0503212316291161,0.5476974664679588,Bocian biały,81.45,-5.78430863492393,1980,1.016654726,0.003877079,Moderate increase (p<0.01),2015,1.006895484,0.004631005,Stable,farmland,,22.71642029425034,6.312292358803995
1340,Ciconia ciconia,2004,214.6263158,-18.549734692,447.802366292,118.9673727,5096,357,47.26050420168068,13.784313725490197,47.0,59.0,11.85409836065574,608.8272727272728,16.090611028315944,207.5818181818182,-0.2920136555312851,-0.6578166915052179,Bocian biały,81.45,-5.78430863492393,1980,1.016654726,0.003877079,Moderate increase (p<0.01),2015,1.006895484,0.004631005,Stable,farmland,,-3.5398753459058074,11.562500000000009
1340,Ciconia ciconia,2005,207.8371892,-17.98810924,433.66248764,115.216989,4773,375,46.49066666666667,14.501333333333331,46.0,58.0,11.854047322540474,612.6090909090909,16.774143070044712,189.17272727272723,-0.2920646936465498,0.0257153502235496,Bocian biały,81.45,-5.78430863492393,1980,1.016654726,0.003877079,Moderate increase (p<0.01),2015,1.006895484,0.004631005,Stable,farmland,,-3.163231207083872,5.042016806722693
1340,Ciconia ciconia,2006,237.1572143,-20.365893472,494.680322072,131.3893407,5095,362,47.350828729281766,14.395027624309392,48.0,58.0,12.245180572851806,590.2272727272727,17.280774962742175,157.64545454545453,0.0990685566647826,0.5323472429210128,Bocian biały,81.45,-5.78430863492393,1980,1.016654726,0.003877079,Moderate increase (p<0.01),2015,1.006895484,0.004631005,Stable,farmland,,14.10720824933096,-3.4666666666666623
1340,Ciconia ciconia,2007,195.1612341,-18.17013352,408.49260172,108.8425345,5098,360,47.50555555555555,14.03888888888889,48.0,59.0,12.486550435865505,578.5636363636363,17.234724292101344,198.1090909090909,0.3404384196784793,0.4862965722801817,Bocian biały,81.45,-5.78430863492393,1980,1.016654726,0.003877079,Moderate increase (p<0.01),2015,1.006895484,0.004631005,Stable,farmland,,-17.708076190706034,-0.5524861878453025
1340,Ciconia ciconia,2008,224.1018938,-19.549141688,467.752929288,124.3117528,5093,334,47.80239520958084,12.709580838323353,48.0,59.0,12.421385991058122,628.3000000000001,16.830402384500744,202.3636363636364,0.2752739748710979,0.0819746646795813,Bocian biały,81.45,-5.78430863492393,1980,1.016654726,0.003877079,Moderate increase (p<0.01),2015,1.006895484,0.004631005,Stable,farmland,,14.829102630684798,-7.222222222222219
1340,Ciconia ciconia,2009,198.2219164,-17.152108144,413.595940944,109.8847064,5096,312,47.18910256410256,12.39102564102564,48.0,58.0,12.241967621419676,634.0545454545455,16.988002980625932,215.54545454545453,0.0958556052326535,0.2395752608047701,Bocian biały,81.45,-5.78430863492393,1980,1.016654726,0.003877079,Moderate increase (p<0.01),2015,1.006895484,0.004631005,Stable,farmland,,-11.548308209789882,-6.586826347305386
1340,Ciconia ciconia,2010,194.3427884,-16.15524046,404.84081726,107.3969535,5097,308,47.33766233766234,12.386363636363637,48.0,59.0,11.481643835616438,711.1999999999999,17.074441132637855,224.78181818181815,-0.6644681805705854,0.3260134128166925,Bocian biały,81.45,-5.78430863492393,1980,1.016654726,0.003877079,Moderate increase (p<0.01),2015,1.006895484,0.004631005,Stable,farmland,,-1.956962212075564,-1.2820512820512775
1340,Ciconia ciconia,2011,202.1865186,-16.679662836,421.052700036,111.6664191,5099,317,47.34700315457413,12.04416403785489,48.0,58.0,12.400747198007473,567.6090909090909,17.19806259314456,204.95454545454547,0.2546351818204488,0.4496348733233972,Bocian biały,81.45,-5.78430863492393,1980,1.016654726,0.003877079,Moderate increase (p<0.01),2015,1.006895484,0.004631005,Stable,farmland,,4.036028434384664,2.922077922077926
1340,Ciconia ciconia,2012,251.8189832,-22.037711856,525.675678256,139.7228036,5088,336,46.50892857142857,12.49404761904762,47.0,57.0,12.064580228514656,660.4,16.859239940387482,241.8272727272727,-0.0815317876723682,0.11081222056632,Bocian biały,81.45,-5.78430863492393,1980,1.016654726,0.003877079,Moderate increase (p<0.01),2015,1.006895484,0.004631005,Stable,farmland,,24.54786053178521,5.993690851735023
1340,Ciconia ciconia,2013,201.3669021,-16.614220168,419.348024368,111.2148583,5100,286,47.64685314685315,11.174825174825177,47.0,59.0,12.0960398505604,627.209090909091,16.805290611028315,187.8272727272727,-0.0500721656266236,0.0568628912071531,Bocian biały,81.45,-5.78430863492393,1980,1.016654726,0.003877079,Moderate increase (p<0.01),2015,1.006895484,0.004631005,Stable,farmland,,-20.035058699260123,-14.880952380952383
1340,Ciconia ciconia,2014,228.7093096,-18.850691284,476.269310484,126.3061229,5100,289,46.78200692041523,11.570934256055365,46.0,58.0,12.7440099626401,731.3909090909091,16.87295081967213,244.03636363636363,0.5978979464530756,0.1245230998509683,Bocian biały,81.45,-5.78430863492393,1980,1.016654726,0.003877079,Moderate increase (p<0.01),2015,1.006895484,0.004631005,Stable,farmland,,13.578402018829095,1.0489510489510412
1340,Ciconia ciconia,2015,204.5376472,-16.927175932,426.002470332,112.9922567,5100,267,46.333333333333336,11.209737827715356,46.0,57.0,12.777758405977584,562.8181818181819,16.95812220566319,173.11818181818182,0.6316463897905606,0.2096944858420286,Bocian biały,81.45,-5.78430863492393,1980,1.016654726,0.003877079,Moderate increase (p<0.01),2015,1.006895484,0.004631005,Stable,farmland,,-10.568726932137096,-7.612456747404838
1340,Ciconia ciconia,2016,207.4039633,-17.3420876,432.1500142,114.6663525,5100,290,46.56206896551724,13.258620689655173,46.0,57.0,12.429682066567311,628.9454545454545,17.063710879284653,236.47272727272727,0.2835700503802894,0.3152831594634904,Bocian biały,81.45,-5.78430863492393,1980,1.016654726,0.003877079,Moderate increase (p<0.01),2015,1.006895484,0.004631005,Stable,farmland,,1.4013635823224568,8.614232209737827
1340,Ciconia ciconia,2017,200.9711444,-16.670700888,418.612989688,111.0417578,5100,245,45.86938775510204,12.624489795918368,45.0,57.0,12.48592777085928,604.2818181818182,17.02608047690015,182.4636363636364,0.3398157546722551,0.2776527570789895,Bocian biały,81.45,-5.78430863492393,1980,1.016654726,0.003877079,Moderate increase (p<0.01),2015,1.006895484,0.004631005,Stable,farmland,,-3.101589187423215,-15.517241379310342
1340,Ciconia ciconia,2018,173.7622173,-14.602943348,362.127377948,96.1046738,5100,252,46.54365079365079,12.563492063492063,46.0,58.0,12.819427148194272,622.709090909091,18.100074515648284,182.2,0.6733151320072484,1.351646795827122,Bocian biały,81.45,-5.78430863492393,1980,1.016654726,0.003877079,Moderate increase (p<0.01),2015,1.006895484,0.004631005,Stable,farmland,,-13.538723273548714,2.857142857142847
1340,Ciconia ciconia,2019,183.2685982,-15.233965864,381.771162264,101.2768184,5100,399,46.44862155388471,14.451127819548873,47.0,57.0,12.919153175591532,637.290909090909,17.06348733233979,205.6181818181818,0.7730411594045083,0.3150596125186276,Bocian biały,81.45,-5.78430863492393,1980,1.016654726,0.003877079,Moderate increase (p<0.01),2015,1.006895484,0.004631005,Stable,farmland,,5.470913670252764,58.33333333333333
1340,Ciconia ciconia,2020,197.8179625,-16.82057322,412.45649822,109.509457,5100,143,50.96503496503497,12.93006993006993,52.0,58.0,13.10461997019374,657.6727272727272,16.920566318926976,209.7636363636364,0.9585079540067164,0.1721385991058142,Bocian biały,81.45,-5.78430863492393,1980,1.016654726,0.003877079,Moderate increase (p<0.01),2015,1.006895484,0.004631005,Stable,farmland,,7.9388200940579745,-64.16040100250626
1340,Ciconia ciconia,2021,206.0750136,-17.031013376,429.181040576,113.8296056,5100,449,47.18485523385301,15.34521158129176,48.0,57.0,12.261693648816935,638.0909090909091,16.828241430700448,203.1909090909091,0.1155816326299135,0.0798137108792857,Bocian biały,81.45,-5.78430863492393,1980,1.016654726,0.003877079,Moderate increase (p<0.01),2015,1.006895484,0.004631005,Stable,farmland,,4.174065385998516,213.986013986014
1340,Ciconia ciconia,2022,188.7881301,-15.620386912,393.196647112,104.2900597,5100,303,48.38943894389439,13.676567656765677,49.0,58.0,13.05980074719801,589.8000000000001,17.506035767511175,176.48181818181817,0.9136887310109856,0.7576080476900131,Bocian biały,81.45,-5.78430863492393,1980,1.016654726,0.003877079,Moderate increase (p<0.01),2015,1.006895484,0.004631005,Stable,farmland,,-8.388636350428468,-32.516703786191535
1340,Ciconia ciconia,2023,217.943061,-18.00238188,453.88850388,120.380328,5100,383,48.942558746736296,15.827676240208875,50.0,58.0,13.25148194271482,678.6727272727272,17.229806259314454,208.0181818181818,1.1053699265277963,0.4813785394932921,Bocian biały,81.45,-5.78430863492393,1980,1.016654726,0.003877079,Moderate increase (p<0.01),2015,1.006895484,0.004631005,Stable,farmland,,15.443201267238994,26.40264026402641
1340,Ciconia ciconia,2024,216.499365,-18.136856092,451.135586092,119.7123577,5100,391,48.54731457800512,15.312020460358056,49.0,58.0,13.569349230004969,663.9090909090909,18.062220566318924,189.27272727272728,1.4232372138179432,1.313792846497762,Bocian biały,81.45,-5.78430863492393,1980,1.016654726,0.003877079,Moderate increase (p<0.01),2015,1.006895484,0.004631005,Stable,farmland,,-0.6624188874726267,2.088772845953013
9920,Hirundo rustica,1980,100.0,100.0,100.0,0.0,5087,312,51.157051282051285,8.333333333333334,52.0,63.0,10.66485345255837,662.9454545454545,14.963189269746646,211.9,-1.4812585636286535,-1.785238450074516,Jaskółka dymówka,-18.14,-20.5242718446602,1980,0.992079257,0.001626178,Moderate decline (p<0.01),2015,0.975333208,0.002529355,Moderate decline (p<0.01),farmland,,,
9920,Hirundo rustica,1981,102.1999728,83.818564188,120.581381412,9.3782697,5072,332,52.08433734939759,8.189759036144578,53.0,64.44999999999999,11.335591531755917,665.290909090909,15.70715350223547,215.5090909090909,-0.8105204844311071,-1.041274217585693,Jaskółka dymówka,-18.14,-20.5242718446602,1980,0.992079257,0.001626178,Moderate decline (p<0.01),2015,0.975333208,0.002529355,Moderate decline (p<0.01),farmland,,2.199972799999994,6.41025641025641
9920,Hirundo rustica,1982,97.2379074,79.887153616,114.588661184,8.8524254,5058,317,52.30914826498423,8.56782334384858,53.0,65.0,11.598879202988792,573.4636363636363,15.895603576751116,186.5818181818182,-0.5472328131982316,-0.8528241430700465,Jaskółka dymówka,-18.14,-20.5242718446602,1980,0.992079257,0.001626178,Moderate decline (p<0.01),2015,0.975333208,0.002529355,Moderate decline (p<0.01),farmland,,-4.855251194352572,-4.518072289156628
9920,Hirundo rustica,1983,100.8414459,82.797668456,118.885223344,9.2060089,5097,307,51.60260586319218,8.833876221498372,52.0,64.0,11.776413449564131,577.1818181818181,16.378092399403872,198.8090909090909,-0.3696985666228904,-0.3703353204172899,Jaskółka dymówka,-18.14,-20.5242718446602,1980,0.992079257,0.001626178,Moderate decline (p<0.01),2015,0.975333208,0.002529355,Moderate decline (p<0.01),farmland,,3.705898858123713,-3.154574132492116
9920,Hirundo rustica,1984,95.4034968,74.258281996,116.548711604,10.7883749,5095,259,50.30501930501931,6.324324324324325,51.0,63.0,11.263263785394932,660.4727272727273,15.356706408345753,212.85454545454547,-0.8828482307920904,-1.3917213114754097,Jaskółka dymówka,-18.14,-20.5242718446602,1980,0.992079257,0.001626178,Moderate decline (p<0.01),2015,0.975333208,0.002529355,Moderate decline (p<0.01),farmland,,-5.3925735112848034,-15.63517915309446
9920,Hirundo rustica,1985,76.8293273,59.990845976,93.667808624,8.5910619,5089,311,50.2540192926045,8.739549839228296,51.0,63.0,10.68906600249066,617.1636363636363,15.86311475409836,206.41818181818184,-1.4570460136963632,-0.885312965722802,Jaskółka dymówka,-18.14,-20.5242718446602,1980,0.992079257,0.001626178,Moderate decline (p<0.01),2015,0.975333208,0.002529355,Moderate decline (p<0.01),farmland,,-19.46906572925532,20.077220077220083
9920,Hirundo rustica,1986,91.7710879,72.682173384,110.860002416,9.7392421,5076,363,50.79614325068871,10.024793388429751,51.0,64.0,11.11247820672478,620.9636363636364,16.150298062593144,199.0090909090909,-1.033633809462243,-0.5981296572280179,Jaskółka dymówka,-18.14,-20.5242718446602,1980,0.992079257,0.001626178,Moderate decline (p<0.01),2015,0.975333208,0.002529355,Moderate decline (p<0.01),farmland,,19.447990923643022,16.7202572347267
9920,Hirundo rustica,1987,85.4813256,67.483762604,103.478888596,9.1824301,5089,357,50.142857142857146,8.436974789915967,51.0,63.0,10.80505603985056,652.5727272727273,15.595007451564827,212.45454545454547,-1.3410559763364631,-1.1534202682563333,Jaskółka dymówka,-18.14,-20.5242718446602,1980,0.992079257,0.001626178,Moderate decline (p<0.01),2015,0.975333208,0.002529355,Moderate decline (p<0.01),farmland,,-6.853751485275783,-1.6528925619834656
9920,Hirundo rustica,1988,98.7961377,78.521741488,119.070533912,10.3440797,5097,326,51.282208588957054,7.552147239263804,51.5,64.0,11.625260804769,626.1545454545454,16.24552906110283,205.0090909090909,-0.520851211418023,-0.5028986587183333,Jaskółka dymówka,-18.14,-20.5242718446602,1980,0.992079257,0.001626178,Moderate decline (p<0.01),2015,0.975333208,0.002529355,Moderate decline (p<0.01),farmland,,15.576281727666608,-8.683473389355745
9920,Hirundo rustica,1989,174.0792064,126.200002412,221.958410388,24.4281653,5079,369,50.95121951219512,8.140921409214092,52.0,63.599999999999966,12.270236612702366,590.6727272727272,16.376900149031297,198.03636363636363,0.1241245965153421,-0.3715275707898655,Jaskółka dymówka,-18.14,-20.5242718446602,1980,0.992079257,0.001626178,Moderate decline (p<0.01),2015,0.975333208,0.002529355,Moderate decline (p<0.01),farmland,,76.20041679017984,13.190184049079743
9920,Hirundo rustica,1990,140.290606,106.35718284,174.22402916,17.312971,5092,365,50.14520547945205,7.843835616438356,51.0,63.0,12.236488169364884,562.2181818181817,16.293591654247393,181.62727272727275,0.0903761531778588,-0.4548360655737689,Jaskółka dymówka,-18.14,-20.5242718446602,1980,0.992079257,0.001626178,Moderate decline (p<0.01),2015,0.975333208,0.002529355,Moderate decline (p<0.01),farmland,,-19.409900296971948,-1.084010840108396
9920,Hirundo rustica,1991,118.8699913,91.958564688,145.781417912,13.7303197,5095,257,50.28793774319066,7.124513618677042,51.0,62.0,11.25247820672478,600.8363636363637,15.299925484351716,220.2636363636364,-0.8936338094622425,-1.448502235469446,Jaskółka dymówka,-18.14,-20.5242718446602,1980,0.992079257,0.001626178,Moderate decline (p<0.01),2015,0.975333208,0.002529355,Moderate decline (p<0.01),farmland,,-15.268744865212147,-29.58904109589041
9920,Hirundo rustica,1992,137.6415851,107.104283732,168.178886468,15.5802558,5092,323,50.588235294117645,8.06501547987616,51.0,63.0,11.737406855439644,533.9181818181819,16.145901639344263,184.98181818181817,-0.408705160747381,-0.602526080476899,Jaskółka dymówka,-18.14,-20.5242718446602,1980,0.992079257,0.001626178,Moderate decline (p<0.01),2015,0.975333208,0.002529355,Moderate decline (p<0.01),farmland,,15.791701164194482,25.680933852140075
9920,Hirundo rustica,1993,119.6579536,93.089757484,146.226149716,13.5552021,5091,351,50.43019943019943,8.863247863247864,51.0,63.0,11.254371108343712,595.4818181818182,16.11028315946349,203.25454545454548,-0.8917409078433121,-0.6381445603576736,Jaskółka dymówka,-18.14,-20.5242718446602,1980,0.992079257,0.001626178,Moderate decline (p<0.01),2015,0.975333208,0.002529355,Moderate decline (p<0.01),farmland,,-13.065551001126908,8.668730650154789
9920,Hirundo rustica,1994,133.2717708,102.03150622,164.51203538,15.9389105,5097,269,49.78438661710037,7.382899628252788,51.0,63.0,12.192229140722292,574.3727272727273,16.518032786885247,190.15454545454543,0.046117124535268,-0.2303949329359156,Jaskółka dymówka,-18.14,-20.5242718446602,1980,0.992079257,0.001626178,Moderate decline (p<0.01),2015,0.975333208,0.002529355,Moderate decline (p<0.01),farmland,,11.37727730620326,-23.361823361823365
9920,Hirundo rustica,1995,122.5029023,96.818338276,148.187466324,13.1043694,5098,357,50.53221288515406,8.35014005602241,51.0,63.0,11.945130759651308,598.3272727272728,16.494485842026823,176.71818181818182,-0.2009812565357158,-0.2539418777943396,Jaskółka dymówka,-18.14,-20.5242718446602,1980,0.992079257,0.001626178,Moderate decline (p<0.01),2015,0.975333208,0.002529355,Moderate decline (p<0.01),farmland,,-8.080382241007944,32.713754646840144
9920,Hirundo rustica,1996,155.5256743,123.658828688,187.392519912,16.2585947,5100,297,49.28282828282829,7.175084175084175,50.0,62.0,11.0123695976155,702.5545454545454,16.025409836065577,209.62727272727275,-1.133742418571524,-0.7230178837555847,Jaskółka dymówka,-18.14,-20.5242718446602,1980,0.992079257,0.001626178,Moderate decline (p<0.01),2015,0.975333208,0.002529355,Moderate decline (p<0.01),farmland,,26.95672623259961,-16.806722689075627
9920,Hirundo rustica,1997,128.3052935,101.949453388,154.661133612,13.4468572,5094,300,49.25333333333333,7.126666666666667,50.0,61.0,11.854869240348693,669.3727272727273,15.917660208643817,249.3090909090909,-0.2912427758383309,-0.8307675111773474,Jaskółka dymówka,-18.14,-20.5242718446602,1980,0.992079257,0.001626178,Moderate decline (p<0.01),2015,0.975333208,0.002529355,Moderate decline (p<0.01),farmland,,-17.502178288257053,1.0101010101010166
9920,Hirundo rustica,1998,120.9465662,99.912476536,141.980655864,10.7316784,5097,302,49.49337748344371,7.142384105960265,50.0,61.0,11.80002490660025,641.6636363636363,16.356110283159463,224.97272727272727,-0.3460871095867741,-0.392317436661699,Jaskółka dymówka,-18.14,-20.5242718446602,1980,0.992079257,0.001626178,Moderate decline (p<0.01),2015,0.975333208,0.002529355,Moderate decline (p<0.01),farmland,,-5.73532634489472,0.6666666666666599
9920,Hirundo rustica,1999,113.4518394,93.829861136,133.073817664,10.0112134,5098,324,49.38580246913581,7.070987654320987,50.0,61.0,12.202291407222914,632.5454545454545,17.000596125186288,200.37272727272727,0.05617939103589,0.2521684053651256,Jaskółka dymówka,-18.14,-20.5242718446602,1980,0.992079257,0.001626178,Moderate decline (p<0.01),2015,0.975333208,0.002529355,Moderate decline (p<0.01),farmland,,-6.196725575165618,7.284768211920523
9920,Hirundo rustica,2000,116.4919852,96.645581448,136.338388952,10.1257162,5099,276,49.35507246376812,5.942028985507246,50.0,60.25,12.403825136612022,602.7545454545455,16.73397913561848,208.3272727272727,0.2577131204249987,-0.0144485842026824,Jaskółka dymówka,-18.14,-20.5242718446602,1980,0.992079257,0.001626178,Moderate decline (p<0.01),2015,0.975333208,0.002529355,Moderate decline (p<0.01),farmland,,2.679679603326024,-14.814814814814811
9920,Hirundo rustica,2001,110.7972999,91.68560744,129.90899236,9.7508635,5097,390,48.266666666666666,8.823076923076924,48.0,60.0,12.01686176836862,606.7454545454545,16.566840536512668,191.7090909090909,-0.1292502478184047,-0.1815871833084941,Jaskółka dymówka,-18.14,-20.5242718446602,1980,0.992079257,0.001626178,Moderate decline (p<0.01),2015,0.975333208,0.002529355,Moderate decline (p<0.01),farmland,,-4.888478198927637,41.30434782608696
9920,Hirundo rustica,2002,91.9666926,75.919767272,108.013617928,8.1872068,5099,275,49.89454545454546,6.578181818181818,50.0,60.30000000000001,12.188891656288916,684.5818181818181,16.846795827123696,211.2090909090909,0.0427796401018927,0.0983681073025337,Jaskółka dymówka,-18.14,-20.5242718446602,1980,0.992079257,0.001626178,Moderate decline (p<0.01),2015,0.975333208,0.002529355,Moderate decline (p<0.01),farmland,,-16.995547108995922,-29.48717948717948
9920,Hirundo rustica,2003,90.3242474,74.646606456,106.001888344,7.9987964,5095,298,48.939597315436245,6.4865771812080535,50.0,60.0,12.095790784557908,569.1636363636363,17.29612518628912,174.29999999999998,-0.0503212316291161,0.5476974664679588,Jaskółka dymówka,-18.14,-20.5242718446602,1980,0.992079257,0.001626178,Moderate decline (p<0.01),2015,0.975333208,0.002529355,Moderate decline (p<0.01),farmland,,-1.7859130882782237,8.363636363636374
9920,Hirundo rustica,2004,108.4235992,89.711602484,127.135595916,9.5469371,5098,184,50.016304347826086,9.369565217391305,51.0,61.85,11.85409836065574,608.8272727272728,16.090611028315944,207.5818181818182,-0.2920136555312851,-0.6578166915052179,Jaskółka dymówka,-18.14,-20.5242718446602,1980,0.992079257,0.001626178,Moderate decline (p<0.01),2015,0.975333208,0.002529355,Moderate decline (p<0.01),farmland,,20.038198292256126,-38.25503355704698
9920,Hirundo rustica,2005,109.8736524,90.705320448,129.041984352,9.7797612,5099,169,49.79289940828402,7.769230769230769,51.0,62.6,11.854047322540474,612.6090909090909,16.774143070044712,189.17272727272723,-0.2920646936465498,0.0257153502235496,Jaskółka dymówka,-18.14,-20.5242718446602,1980,0.992079257,0.001626178,Moderate decline (p<0.01),2015,0.975333208,0.002529355,Moderate decline (p<0.01),farmland,,1.337396296285287,-8.15217391304348
9920,Hirundo rustica,2006,117.9065293,97.452330724,138.360727876,10.4358156,5100,259,50.054054054054056,8.54054054054054,52.0,61.1,12.245180572851806,590.2272727272727,17.280774962742175,157.64545454545453,0.0990685566647826,0.5323472429210128,Jaskółka dymówka,-18.14,-20.5242718446602,1980,0.992079257,0.001626178,Moderate decline (p<0.01),2015,0.975333208,0.002529355,Moderate decline (p<0.01),farmland,,7.31101289939462,53.25443786982249
9920,Hirundo rustica,2007,111.0177786,91.536103604,130.499453596,9.9396301,5100,189,51.142857142857146,10.597883597883598,53.0,62.6,12.486550435865505,578.5636363636363,17.234724292101344,198.1090909090909,0.3404384196784793,0.4862965722801817,Jaskółka dymówka,-18.14,-20.5242718446602,1980,0.992079257,0.001626178,Moderate decline (p<0.01),2015,0.975333208,0.002529355,Moderate decline (p<0.01),farmland,,-5.842552351339547,-27.027027027027028
9920,Hirundo rustica,2008,97.6205343,80.562668804,114.678399796,8.7029926,5096,217,51.0,9.138248847926269,52.0,63.0,12.421385991058122,628.3000000000001,16.830402384500744,202.3636363636364,0.2752739748710979,0.0819746646795813,Jaskółka dymówka,-18.14,-20.5242718446602,1980,0.992079257,0.001626178,Moderate decline (p<0.01),2015,0.975333208,0.002529355,Moderate decline (p<0.01),farmland,,-12.06765661225363,14.814814814814811
9920,Hirundo rustica,2009,102.3859671,84.540466196,120.231468004,9.1048474,5100,215,50.72093023255814,8.418604651162791,52.0,63.29999999999998,12.241967621419676,634.0545454545455,16.988002980625932,215.54545454545453,0.0958556052326535,0.2395752608047701,Jaskółka dymówka,-18.14,-20.5242718446602,1980,0.992079257,0.001626178,Moderate decline (p<0.01),2015,0.975333208,0.002529355,Moderate decline (p<0.01),farmland,,4.881588524556979,-0.9216589861751112
9920,Hirundo rustica,2010,101.6943072,84.222029888,119.166584512,8.9144272,5095,216,50.50925925925926,6.407407407407407,52.0,62.0,11.481643835616438,711.1999999999999,17.074441132637855,224.78181818181815,-0.6644681805705854,0.3260134128166925,Jaskółka dymówka,-18.14,-20.5242718446602,1980,0.992079257,0.001626178,Moderate decline (p<0.01),2015,0.975333208,0.002529355,Moderate decline (p<0.01),farmland,,-0.6755416973543538,0.4651162790697771
9920,Hirundo rustica,2011,102.6642759,84.779631052,120.548920748,9.1248188,5098,255,50.69019607843137,6.388235294117648,52.0,64.0,12.400747198007473,567.6090909090909,17.19806259314456,204.95454545454547,0.2546351818204488,0.4496348733233972,Jaskółka dymówka,-18.14,-20.5242718446602,1980,0.992079257,0.001626178,Moderate decline (p<0.01),2015,0.975333208,0.002529355,Moderate decline (p<0.01),farmland,,0.9538082580103469,18.05555555555556
9920,Hirundo rustica,2012,91.2602814,75.017629884,107.502932916,8.2870671,5100,283,48.03533568904594,10.356890459363958,47.0,62.0,12.064580228514656,660.4,16.859239940387482,241.8272727272727,-0.0815317876723682,0.11081222056632,Jaskółka dymówka,-18.14,-20.5242718446602,1980,0.992079257,0.001626178,Moderate decline (p<0.01),2015,0.975333208,0.002529355,Moderate decline (p<0.01),farmland,,-11.108045520243138,10.98039215686275
9920,Hirundo rustica,2013,90.2306769,74.658405948,105.802947852,7.9450362,5078,270,49.54074074074074,7.696296296296296,50.0,62.54999999999998,12.0960398505604,627.209090909091,16.805290611028315,187.8272727272727,-0.0500721656266236,0.0568628912071531,Jaskółka dymówka,-18.14,-20.5242718446602,1980,0.992079257,0.001626178,Moderate decline (p<0.01),2015,0.975333208,0.002529355,Moderate decline (p<0.01),farmland,,-1.1282065803491892,-4.59363957597173
9920,Hirundo rustica,2014,91.3776709,75.693942,107.0613998,8.0019025,5100,325,48.246153846153845,8.221538461538461,47.0,61.80000000000001,12.7440099626401,731.3909090909091,16.87295081967213,244.03636363636363,0.5978979464530756,0.1245230998509683,Jaskółka dymówka,-18.14,-20.5242718446602,1980,0.992079257,0.001626178,Moderate decline (p<0.01),2015,0.975333208,0.002529355,Moderate decline (p<0.01),farmland,,1.2711796468857006,20.37037037037037
9920,Hirundo rustica,2015,86.6281511,71.743265084,101.513037116,7.5943296,5098,344,48.20348837209303,8.537790697674419,49.0,60.0,12.777758405977584,562.8181818181819,16.95812220566319,173.11818181818182,0.6316463897905606,0.2096944858420286,Jaskółka dymówka,-18.14,-20.5242718446602,1980,0.992079257,0.001626178,Moderate decline (p<0.01),2015,0.975333208,0.002529355,Moderate decline (p<0.01),farmland,,-5.197680957744788,5.8461538461538565
9920,Hirundo rustica,2016,92.744499,76.671742832,108.817255168,8.2003858,5100,114,52.24561403508772,8.62280701754386,56.0,63.35,12.429682066567311,628.9454545454545,17.063710879284653,236.47272727272727,0.2835700503802894,0.3152831594634904,Jaskółka dymówka,-18.14,-20.5242718446602,1980,0.992079257,0.001626178,Moderate decline (p<0.01),2015,0.975333208,0.002529355,Moderate decline (p<0.01),farmland,,7.060462242740861,-66.86046511627907
9920,Hirundo rustica,2017,91.3831205,75.465930708,107.300310292,8.1210152,5100,138,51.42028985507246,9.159420289855072,54.0,60.0,12.48592777085928,604.2818181818182,17.02608047690015,182.4636363636364,0.3398157546722551,0.2776527570789895,Jaskółka dymówka,-18.14,-20.5242718446602,1980,0.992079257,0.001626178,Moderate decline (p<0.01),2015,0.975333208,0.002529355,Moderate decline (p<0.01),farmland,,-1.4678805909555948,21.052631578947366
9920,Hirundo rustica,2018,74.588146,61.504174624,87.672117376,6.6754956,5100,137,55.86131386861314,11.510948905109489,58.0,65.0,12.819427148194272,622.709090909091,18.100074515648284,182.2,0.6733151320072484,1.351646795827122,Jaskółka dymówka,-18.14,-20.5242718446602,1980,0.992079257,0.001626178,Moderate decline (p<0.01),2015,0.975333208,0.002529355,Moderate decline (p<0.01),farmland,,-18.37863974014764,-0.7246376811594235
9920,Hirundo rustica,2019,79.2014457,65.408230292,92.994661108,7.0373548,5100,231,53.298701298701296,9.761904761904765,55.0,67.0,12.919153175591532,637.290909090909,17.06348733233979,205.6181818181818,0.7730411594045083,0.3150596125186276,Jaskółka dymówka,-18.14,-20.5242718446602,1980,0.992079257,0.001626178,Moderate decline (p<0.01),2015,0.975333208,0.002529355,Moderate decline (p<0.01),farmland,,6.185030661574564,68.61313868613139
9920,Hirundo rustica,2020,78.3963454,64.504739364,92.287951436,7.0875541,5100,228,53.29824561403509,12.710526315789474,55.0,63.0,13.10461997019374,657.6727272727272,16.920566318926976,209.7636363636364,0.9585079540067164,0.1721385991058142,Jaskółka dymówka,-18.14,-20.5242718446602,1980,0.992079257,0.001626178,Moderate decline (p<0.01),2015,0.975333208,0.002529355,Moderate decline (p<0.01),farmland,,-1.0165222274471586,-1.2987012987012991
9920,Hirundo rustica,2021,84.0879066,69.051839708,99.123973492,7.6714627,5100,317,50.09148264984227,12.3596214511041,50.0,61.19999999999999,12.261693648816935,638.0909090909091,16.828241430700448,203.1909090909091,0.1155816326299135,0.0798137108792857,Jaskółka dymówka,-18.14,-20.5242718446602,1980,0.992079257,0.001626178,Moderate decline (p<0.01),2015,0.975333208,0.002529355,Moderate decline (p<0.01),farmland,,7.259982810372167,39.03508771929825
9920,Hirundo rustica,2022,67.6311786,55.77688202,79.48547518,6.0481105,5100,365,49.92602739726028,12.150684931506849,50.0,62.0,13.05980074719801,589.8000000000001,17.506035767511175,176.48181818181817,0.9136887310109856,0.7576080476900131,Jaskółka dymówka,-18.14,-20.5242718446602,1980,0.992079257,0.001626178,Moderate decline (p<0.01),2015,0.975333208,0.002529355,Moderate decline (p<0.01),farmland,,-19.570861810466333,15.14195583596214
9920,Hirundo rustica,2023,76.2746961,62.954739744,89.594652456,6.7958961,5100,403,49.883374689826304,10.870967741935484,51.0,61.0,13.25148194271482,678.6727272727272,17.229806259314454,208.0181818181818,1.1053699265277963,0.4813785394932921,Jaskółka dymówka,-18.14,-20.5242718446602,1980,0.992079257,0.001626178,Moderate decline (p<0.01),2015,0.975333208,0.002529355,Moderate decline (p<0.01),farmland,,12.780373902873254,10.410958904109592
9920,Hirundo rustica,2024,72.5432527,59.786755772,85.299749628,6.5084168,5100,351,50.41310541310541,14.507122507122508,51.0,62.0,13.569349230004969,663.9090909090909,18.062220566318924,189.27272727272728,1.4232372138179432,1.313792846497762,Jaskółka dymówka,-18.14,-20.5242718446602,1980,0.992079257,0.001626178,Moderate decline (p<0.01),2015,0.975333208,0.002529355,Moderate decline (p<0.01),farmland,,-4.892111789089126,-12.903225806451612
7240,Cuculus canorus,1980,100.0,100.0,100.0,0.0,1806,270,53.696296296296296,10.748148148148148,55.0,66.0,10.66485345255837,662.9454545454545,14.963189269746646,211.9,-1.4812585636286535,-1.785238450074516,Kukułka,-42.47,-3.63484087102178,1980,0.987994546,0.001061491,Moderate decline (p<0.01),2015,0.996832089,0.002028056,Stable,other,,,
7240,Cuculus canorus,1981,115.0974511,102.151575444,128.043326756,6.6050386,2087,295,54.68474576271186,10.193220338983052,56.0,66.0,11.335591531755917,665.290909090909,15.70715350223547,215.5090909090909,-0.8105204844311071,-1.041274217585693,Kukułka,-42.47,-3.63484087102178,1980,0.987994546,0.001061491,Moderate decline (p<0.01),2015,0.996832089,0.002028056,Stable,other,,15.097451100000004,9.259259259259256
7240,Cuculus canorus,1982,112.4902409,99.843116284,125.137365516,6.4526146,2321,289,55.15570934256056,11.176470588235292,57.0,66.0,11.598879202988792,573.4636363636363,15.895603576751116,186.5818181818182,-0.5472328131982316,-0.8528241430700465,Kukułka,-42.47,-3.63484087102178,1980,0.987994546,0.001061491,Moderate decline (p<0.01),2015,0.996832089,0.002028056,Stable,other,,-2.265219755157544,-2.033898305084747
7240,Cuculus canorus,1983,116.7999612,103.52458916,130.07533324,6.773149,2570,329,53.74164133738602,10.881458966565347,55.0,66.0,11.776413449564131,577.1818181818181,16.378092399403872,198.8090909090909,-0.3696985666228904,-0.3703353204172899,Kukułka,-42.47,-3.63484087102178,1980,0.987994546,0.001061491,Moderate decline (p<0.01),2015,0.996832089,0.002028056,Stable,other,,3.831194835675733,13.84083044982698
7240,Cuculus canorus,1984,107.4575847,95.409573284,119.505596116,6.1469446,3284,360,53.65,10.658333333333331,55.0,65.05000000000001,11.263263785394932,660.4727272727273,15.356706408345753,212.85454545454547,-0.8828482307920904,-1.3917213114754097,Kukułka,-42.47,-3.63484087102178,1980,0.987994546,0.001061491,Moderate decline (p<0.01),2015,0.996832089,0.002028056,Stable,other,,-7.998612674196681,9.422492401215798
7240,Cuculus canorus,1985,100.5597455,89.182011748,111.937479252,5.8049662,3723,369,54.02981029810298,11.601626016260164,56.0,66.0,10.68906600249066,617.1636363636363,15.86311475409836,206.41818181818184,-1.4570460136963632,-0.885312965722802,Kukułka,-42.47,-3.63484087102178,1980,0.987994546,0.001061491,Moderate decline (p<0.01),2015,0.996832089,0.002028056,Stable,other,,-6.419127341506304,2.499999999999991
7240,Cuculus canorus,1986,96.3280917,85.252522132,107.403661268,5.6508008,3275,384,53.90625,11.9375,55.0,67.0,11.11247820672478,620.9636363636364,16.150298062593144,199.0090909090909,-1.033633809462243,-0.5981296572280179,Kukułka,-42.47,-3.63484087102178,1980,0.987994546,0.001061491,Moderate decline (p<0.01),2015,0.996832089,0.002028056,Stable,other,,-4.208099154348,4.065040650406515
7240,Cuculus canorus,1987,91.9873551,81.41629894,102.55841126,5.393396,3817,405,54.25432098765432,12.377777777777778,55.0,68.0,10.80505603985056,652.5727272727273,15.595007451564827,212.45454545454547,-1.3410559763364631,-1.1534202682563333,Kukułka,-42.47,-3.63484087102178,1980,0.987994546,0.001061491,Moderate decline (p<0.01),2015,0.996832089,0.002028056,Stable,other,,-4.506200136839212,5.46875
7240,Cuculus canorus,1988,91.2186176,80.718981684,101.718253516,5.3569571,3195,385,53.885714285714286,11.976623376623376,55.0,67.0,11.625260804769,626.1545454545454,16.24552906110283,205.0090909090909,-0.520851211418023,-0.5028986587183333,Kukułka,-42.47,-3.63484087102178,1980,0.987994546,0.001061491,Moderate decline (p<0.01),2015,0.996832089,0.002028056,Stable,other,,-0.8356991014300874,-4.938271604938271
7240,Cuculus canorus,1989,79.1124071,65.440473356,92.784340844,6.9754764,3310,389,54.02313624678664,11.161953727506427,55.0,67.0,12.270236612702366,590.6727272727272,16.376900149031297,198.03636363636363,0.1241245965153421,-0.3715275707898655,Kukułka,-42.47,-3.63484087102178,1980,0.987994546,0.001061491,Moderate decline (p<0.01),2015,0.996832089,0.002028056,Stable,other,,-13.271644340288711,1.0389610389610393
7240,Cuculus canorus,1990,86.7433676,73.224234672,100.262500528,6.8975168,3014,349,53.61031518624642,11.255014326647563,55.0,66.0,12.236488169364884,562.2181818181817,16.293591654247393,181.62727272727275,0.0903761531778588,-0.4548360655737689,Kukułka,-42.47,-3.63484087102178,1980,0.987994546,0.001061491,Moderate decline (p<0.01),2015,0.996832089,0.002028056,Stable,other,,9.645719021485831,-10.282776349614398
7240,Cuculus canorus,1991,78.7004884,66.63249204,90.76848476,6.157141,3320,378,53.67989417989418,11.843915343915343,54.0,66.0,11.25247820672478,600.8363636363637,15.299925484351716,220.2636363636364,-0.8936338094622425,-1.448502235469446,Kukułka,-42.47,-3.63484087102178,1980,0.987994546,0.001061491,Moderate decline (p<0.01),2015,0.996832089,0.002028056,Stable,other,,-9.272039376068674,8.309455587392556
7240,Cuculus canorus,1992,88.2072774,75.595694248,100.818860552,6.4344812,3756,384,54.1171875,11.4765625,55.0,67.0,11.737406855439644,533.9181818181819,16.145901639344263,184.98181818181817,-0.408705160747381,-0.602526080476899,Kukułka,-42.47,-3.63484087102178,1980,0.987994546,0.001061491,Moderate decline (p<0.01),2015,0.996832089,0.002028056,Stable,other,,12.079707754393043,1.5873015873015817
7240,Cuculus canorus,1993,98.7603406,84.6214445,112.8992367,7.2137225,4645,426,52.77230046948357,11.612676056338028,53.5,66.0,11.254371108343712,595.4818181818182,16.11028315946349,203.25454545454548,-0.8917409078433121,-0.6381445603576736,Kukułka,-42.47,-3.63484087102178,1980,0.987994546,0.001061491,Moderate decline (p<0.01),2015,0.996832089,0.002028056,Stable,other,,11.963937116145496,10.9375
7240,Cuculus canorus,1994,82.9703869,71.335733996,94.605039804,5.9360474,4336,405,53.95802469135803,11.451851851851853,55.0,67.0,12.192229140722292,574.3727272727273,16.518032786885247,190.15454545454543,0.046117124535268,-0.2303949329359156,Kukułka,-42.47,-3.63484087102178,1980,0.987994546,0.001061491,Moderate decline (p<0.01),2015,0.996832089,0.002028056,Stable,other,,-15.98815233328591,-4.929577464788737
7240,Cuculus canorus,1995,84.9456055,73.583886124,96.307324876,5.7967956,4826,448,53.598214285714285,11.232142857142858,54.0,67.0,11.945130759651308,598.3272727272728,16.494485842026823,176.71818181818182,-0.2009812565357158,-0.2539418777943396,Kukułka,-42.47,-3.63484087102178,1980,0.987994546,0.001061491,Moderate decline (p<0.01),2015,0.996832089,0.002028056,Stable,other,,2.3806308175718494,10.617283950617274
7240,Cuculus canorus,1996,92.2135046,79.955315916,104.471693284,6.2541779,4887,431,53.32714617169373,11.148491879350347,54.0,67.0,11.0123695976155,702.5545454545454,16.025409836065577,209.62727272727275,-1.133742418571524,-0.7230178837555847,Kukułka,-42.47,-3.63484087102178,1980,0.987994546,0.001061491,Moderate decline (p<0.01),2015,0.996832089,0.002028056,Stable,other,,8.555944780451297,-3.79464285714286
7240,Cuculus canorus,1997,85.4626313,74.173929764,96.751332836,5.7595416,5085,447,53.45190156599553,11.239373601789708,54.0,66.69999999999999,11.854869240348693,669.3727272727273,15.917660208643817,249.3090909090909,-0.2912427758383309,-0.8307675111773474,Kukułka,-42.47,-3.63484087102178,1980,0.987994546,0.001061491,Moderate decline (p<0.01),2015,0.996832089,0.002028056,Stable,other,,-7.320916094972918,3.712296983758701
7240,Cuculus canorus,1998,71.1325461,62.561238936,79.703853264,4.3731159,5097,461,53.470715835141,12.062906724511931,54.0,67.0,11.80002490660025,641.6636363636363,16.356110283159463,224.97272727272727,-0.3460871095867741,-0.392317436661699,Kukułka,-42.47,-3.63484087102178,1980,0.987994546,0.001061491,Moderate decline (p<0.01),2015,0.996832089,0.002028056,Stable,other,,-16.76766205535729,3.1319910514541416
7240,Cuculus canorus,1999,75.097243,66.305718272,83.888767728,4.4854718,5096,456,52.78508771929825,10.710526315789474,53.0,66.0,12.202291407222914,632.5454545454545,17.000596125186288,200.37272727272727,0.05617939103589,0.2521684053651256,Kukułka,-42.47,-3.63484087102178,1980,0.987994546,0.001061491,Moderate decline (p<0.01),2015,0.996832089,0.002028056,Stable,other,,5.573674945398888,-1.0845986984815648
7240,Cuculus canorus,2000,71.015085,62.896296168,79.133873832,4.1422392,5099,469,52.81236673773987,10.867803837953092,53.0,67.0,12.403825136612022,602.7545454545455,16.73397913561848,208.3272727272727,0.2577131204249987,-0.0144485842026824,Kukułka,-42.47,-3.63484087102178,1980,0.987994546,0.001061491,Moderate decline (p<0.01),2015,0.996832089,0.002028056,Stable,other,,-5.435829381912205,2.8508771929824483
7240,Cuculus canorus,2001,68.674735,60.788196564,76.561273436,4.0237441,5095,453,51.24944812362031,10.40176600441501,51.0,65.0,12.01686176836862,606.7454545454545,16.566840536512668,191.7090909090909,-0.1292502478184047,-0.1815871833084941,Kukułka,-42.47,-3.63484087102178,1980,0.987994546,0.001061491,Moderate decline (p<0.01),2015,0.996832089,0.002028056,Stable,other,,-3.2955674135995205,-3.4115138592750505
7240,Cuculus canorus,2002,70.2277838,62.17499542,78.28057218,4.1085655,5095,427,51.44028103044496,9.079625292740047,51.0,65.0,12.188891656288916,684.5818181818181,16.846795827123696,211.2090909090909,0.0427796401018927,0.0983681073025337,Kukułka,-42.47,-3.63484087102178,1980,0.987994546,0.001061491,Moderate decline (p<0.01),2015,0.996832089,0.002028056,Stable,other,,2.2614558323377665,-5.739514348785868
7240,Cuculus canorus,2003,70.0098155,62.012932396,78.006698604,4.0800424,5099,390,50.93076923076923,7.817948717948718,50.0,65.0,12.095790784557908,569.1636363636363,17.29612518628912,174.29999999999998,-0.0503212316291161,0.5476974664679588,Kukułka,-42.47,-3.63484087102178,1980,0.987994546,0.001061491,Moderate decline (p<0.01),2015,0.996832089,0.002028056,Stable,other,,-0.3103733141013531,-8.66510538641686
7240,Cuculus canorus,2004,72.7925091,64.549347684,81.035670516,4.2056946,5092,360,50.38333333333333,8.866666666666667,50.0,64.0,11.85409836065574,608.8272727272728,16.090611028315944,207.5818181818182,-0.2920136555312851,-0.6578166915052179,Kukułka,-42.47,-3.63484087102178,1980,0.987994546,0.001061491,Moderate decline (p<0.01),2015,0.996832089,0.002028056,Stable,other,,3.974719230619894,-7.692307692307687
7240,Cuculus canorus,2005,77.2202823,68.322482844,86.118081756,4.5396936,5097,369,49.47425474254742,9.170731707317072,49.0,63.0,11.854047322540474,612.6090909090909,16.774143070044712,189.17272727272723,-0.2920646936465498,0.0257153502235496,Kukułka,-42.47,-3.63484087102178,1980,0.987994546,0.001061491,Moderate decline (p<0.01),2015,0.996832089,0.002028056,Stable,other,,6.082731938690644,2.499999999999991
7240,Cuculus canorus,2006,77.1744758,68.373701636,85.975249964,4.4901909,5099,369,48.56639566395664,8.598915989159892,48.0,60.0,12.245180572851806,590.2272727272727,17.280774962742175,157.64545454545453,0.0990685566647826,0.5323472429210128,Kukułka,-42.47,-3.63484087102178,1980,0.987994546,0.001061491,Moderate decline (p<0.01),2015,0.996832089,0.002028056,Stable,other,,-0.0593192599607994,0.0
7240,Cuculus canorus,2007,69.3758276,61.533023232,77.218631968,4.0014308,5098,379,48.10290237467019,9.261213720316622,48.0,59.0,12.486550435865505,578.5636363636363,17.234724292101344,198.1090909090909,0.3404384196784793,0.4862965722801817,Kukułka,-42.47,-3.63484087102178,1980,0.987994546,0.001061491,Moderate decline (p<0.01),2015,0.996832089,0.002028056,Stable,other,,-10.105216937540895,2.7100271002709952
7240,Cuculus canorus,2008,68.9022973,61.087543864,76.717050736,3.9871191,5083,376,48.723404255319146,8.460106382978724,48.0,60.0,12.421385991058122,628.3000000000001,16.830402384500744,202.3636363636364,0.2752739748710979,0.0819746646795813,Kukułka,-42.47,-3.63484087102178,1980,0.987994546,0.001061491,Moderate decline (p<0.01),2015,0.996832089,0.002028056,Stable,other,,-0.6825580557110245,-0.79155672823219
7240,Cuculus canorus,2009,66.7646494,59.190579652,74.338719148,3.8643213,5099,302,48.49337748344371,7.360927152317881,48.0,59.0,12.241967621419676,634.0545454545455,16.988002980625932,215.54545454545453,0.0958556052326535,0.2395752608047701,Kukułka,-42.47,-3.63484087102178,1980,0.987994546,0.001061491,Moderate decline (p<0.01),2015,0.996832089,0.002028056,Stable,other,,-3.102433422056605,-19.680851063829785
7240,Cuculus canorus,2010,68.0011377,60.431014412,75.571260988,3.8623078,5094,262,47.66412213740458,6.603053435114504,47.0,58.0,11.481643835616438,711.1999999999999,17.074441132637855,224.78181818181815,-0.6644681805705854,0.3260134128166925,Kukułka,-42.47,-3.63484087102178,1980,0.987994546,0.001061491,Moderate decline (p<0.01),2015,0.996832089,0.002028056,Stable,other,,1.8520104742735464,-13.245033112582782
7240,Cuculus canorus,2011,71.1330283,63.085197348,79.180859252,4.1060362,5100,301,47.415282392026576,6.368770764119601,47.0,58.0,12.400747198007473,567.6090909090909,17.19806259314456,204.95454545454547,0.2546351818204488,0.4496348733233972,Kukułka,-42.47,-3.63484087102178,1980,0.987994546,0.001061491,Moderate decline (p<0.01),2015,0.996832089,0.002028056,Stable,other,,4.605644414093391,14.885496183206117
7240,Cuculus canorus,2012,67.7534904,60.02262222,75.48435858,3.9443205,5095,307,47.28013029315961,8.071661237785015,47.0,58.0,12.064580228514656,660.4,16.859239940387482,241.8272727272727,-0.0815317876723682,0.11081222056632,Kukułka,-42.47,-3.63484087102178,1980,0.987994546,0.001061491,Moderate decline (p<0.01),2015,0.996832089,0.002028056,Stable,other,,-4.751010860590621,1.9933554817275656
7240,Cuculus canorus,2013,67.9865763,60.382963668,75.590188932,3.8793942,5094,314,47.13375796178344,7.388535031847134,47.0,58.0,12.0960398505604,627.209090909091,16.805290611028315,187.8272727272727,-0.0500721656266236,0.0568628912071531,Kukułka,-42.47,-3.63484087102178,1980,0.987994546,0.001061491,Moderate decline (p<0.01),2015,0.996832089,0.002028056,Stable,other,,0.3440205052520628,2.28013029315961
7240,Cuculus canorus,2014,70.783321,62.937583884,78.629058116,4.0029271,5100,285,47.63508771929825,8.280701754385966,47.0,58.0,12.7440099626401,731.3909090909091,16.87295081967213,244.03636363636363,0.5978979464530756,0.1245230998509683,Kukułka,-42.47,-3.63484087102178,1980,0.987994546,0.001061491,Moderate decline (p<0.01),2015,0.996832089,0.002028056,Stable,other,,4.113671922026185,-9.235668789808916
7240,Cuculus canorus,2015,68.7221072,61.099944932,76.344269468,3.8888583,5100,269,46.84386617100372,7.152416356877324,46.0,57.0,12.777758405977584,562.8181818181819,16.95812220566319,173.11818181818182,0.6316463897905606,0.2096944858420286,Kukułka,-42.47,-3.63484087102178,1980,0.987994546,0.001061491,Moderate decline (p<0.01),2015,0.996832089,0.002028056,Stable,other,,-2.912004934043721,-5.6140350877192935
7240,Cuculus canorus,2016,65.5182449,58.100399304,72.936090496,3.7846151,5100,384,47.075520833333336,11.708333333333334,46.0,59.0,12.429682066567311,628.9454545454545,17.063710879284653,236.47272727272727,0.2835700503802894,0.3152831594634904,Kukułka,-42.47,-3.63484087102178,1980,0.987994546,0.001061491,Moderate decline (p<0.01),2015,0.996832089,0.002028056,Stable,other,,-4.662054803814275,42.75092936802973
7240,Cuculus canorus,2017,65.375241,57.946427048,72.804054952,3.7902112,5099,334,45.23952095808383,8.988023952095809,45.0,55.0,12.48592777085928,604.2818181818182,17.02608047690015,182.4636363636364,0.3398157546722551,0.2776527570789895,Kukułka,-42.47,-3.63484087102178,1980,0.987994546,0.001061491,Moderate decline (p<0.01),2015,0.996832089,0.002028056,Stable,other,,-0.2182657673725274,-13.020833333333336
7240,Cuculus canorus,2018,68.1071119,60.307155288,75.907068512,3.9795697,5100,377,46.54641909814324,9.981432360742703,46.0,58.0,12.819427148194272,622.709090909091,18.100074515648284,182.2,0.6733151320072484,1.351646795827122,Kukułka,-42.47,-3.63484087102178,1980,0.987994546,0.001061491,Moderate decline (p<0.01),2015,0.996832089,0.002028056,Stable,other,,4.178754614457181,12.874251497005984
7240,Cuculus canorus,2019,66.1622323,58.612743892,73.711720708,3.8517798,5100,489,46.627811860940696,11.370143149284251,47.0,57.0,12.919153175591532,637.290909090909,17.06348733233979,205.6181818181818,0.7730411594045083,0.3150596125186276,Kukułka,-42.47,-3.63484087102178,1980,0.987994546,0.001061491,Moderate decline (p<0.01),2015,0.996832089,0.002028056,Stable,other,,-2.855618959229433,29.70822281167109
7240,Cuculus canorus,2020,65.3617234,57.288169604,73.435277196,4.1191601,5100,338,47.70710059171598,10.34319526627219,48.0,58.0,13.10461997019374,657.6727272727272,16.920566318926976,209.7636363636364,0.9585079540067164,0.1721385991058142,Kukułka,-42.47,-3.63484087102178,1980,0.987994546,0.001061491,Moderate decline (p<0.01),2015,0.996832089,0.002028056,Stable,other,,-1.209918214926975,-30.87934560327198
7240,Cuculus canorus,2021,61.9543937,54.951065564,68.957721836,3.5731266,5100,431,45.97447795823666,10.28538283062645,46.0,55.0,12.261693648816935,638.0909090909091,16.828241430700448,203.1909090909091,0.1155816326299135,0.0798137108792857,Kukułka,-42.47,-3.63484087102178,1980,0.987994546,0.001061491,Moderate decline (p<0.01),2015,0.996832089,0.002028056,Stable,other,,-5.213035279299271,27.51479289940828
7240,Cuculus canorus,2022,65.4648533,58.002705824,72.927000776,3.8072181,5100,453,46.496688741721854,10.91832229580574,46.0,56.0,13.05980074719801,589.8000000000001,17.506035767511175,176.48181818181817,0.9136887310109856,0.7576080476900131,Kukułka,-42.47,-3.63484087102178,1980,0.987994546,0.001061491,Moderate decline (p<0.01),2015,0.996832089,0.002028056,Stable,other,,5.666199587068199,5.1044083526682105
7240,Cuculus canorus,2023,70.5661533,62.599168232,78.533138368,4.0647883,5100,445,47.15730337078652,10.92808988764045,47.0,57.0,13.25148194271482,678.6727272727272,17.229806259314454,208.0181818181818,1.1053699265277963,0.4813785394932921,Kukułka,-42.47,-3.63484087102178,1980,0.987994546,0.001061491,Moderate decline (p<0.01),2015,0.996832089,0.002028056,Stable,other,,7.79242561901532,-1.7660044150110354
7240,Cuculus canorus,2024,63.2012941,55.979862652,70.422725548,3.6844038,5100,275,49.018181818181816,13.072727272727272,49.0,59.0,13.569349230004969,663.9090909090909,18.062220566318924,189.27272727272728,1.4232372138179432,1.313792846497762,Kukułka,-42.47,-3.63484087102178,1980,0.987994546,0.001061491,Moderate decline (p<0.01),2015,0.996832089,0.002028056,Stable,other,,-10.43681546405052,-38.20224719101124
