year,observation_records,occupied_cells,centroid_latitude,centroid_longitude,median_latitude,north_edge_latitude,scientific_name,polish_name
1980,319,117,48.60683760683761,10.709401709401709,48.0,61.0,Ciconia ciconia,Bocian biały
1981,301,110,49.36363636363637,10.727272727272728,50.5,62.55,Ciconia ciconia,Bocian biały
1982,249,100,48.25,9.94,47.5,59.05,Ciconia ciconia,Bocian biały
1983,305,120,47.38333333333333,11.691666666666666,46.5,59.0,Ciconia ciconia,Bocian biały
1984,281,124,46.13709677419355,8.814516129032258,46.0,58.0,Ciconia ciconia,Bocian biały
1985,292,124,46.193548387096776,12.064516129032258,45.5,57.0,Ciconia ciconia,Bocian biały
1986,321,145,45.72413793103448,13.63448275862069,46.0,57.0,Ciconia ciconia,Bocian biały
1987,342,130,46.20769230769231,14.4,46.0,56.55,Ciconia ciconia,Bocian biały
1988,601,165,46.47878787878788,13.587878787878788,47.0,58.0,Ciconia ciconia,Bocian biały
1989,617,174,46.89655172413793,12.994252873563218,47.0,59.0,Ciconia ciconia,Bocian biały
1990,805,183,48.4207650273224,12.01639344262295,49.0,60.900000000000006,Ciconia ciconia,Bocian biały
1991,831,184,46.56521739130435,13.190217391304348,46.5,57.0,Ciconia ciconia,Bocian biały
1992,929,181,46.85635359116022,11.226519337016574,47.0,58.0,Ciconia ciconia,Bocian biały
1993,940,216,47.05092592592592,12.50462962962963,47.0,59.0,Ciconia ciconia,Bocian biały
1994,1039,189,47.17989417989418,10.788359788359788,47.0,59.0,Ciconia ciconia,Bocian biały
1995,1207,235,47.791489361702126,11.08936170212766,48.0,58.29999999999998,Ciconia ciconia,Bocian biały
1996,1420,243,47.20987654320987,10.08641975308642,48.0,58.0,Ciconia ciconia,Bocian biały
1997,1665,213,47.394366197183096,11.450704225352112,48.0,59.0,Ciconia ciconia,Bocian biały
1998,1984,251,48.01593625498008,10.95219123505976,49.0,58.0,Ciconia ciconia,Bocian biały
1999,2398,250,47.224,10.288,47.0,58.0,Ciconia ciconia,Bocian biały
2000,2481,273,46.95970695970696,11.706959706959706,47.0,58.0,Ciconia ciconia,Bocian biały
2001,3191,308,46.51948051948052,12.733766233766234,47.0,58.0,Ciconia ciconia,Bocian biały
2002,3614,301,47.27906976744186,11.129568106312291,48.0,58.0,Ciconia ciconia,Bocian biały
2003,3729,320,47.5625,11.090625,48.0,59.0,Ciconia ciconia,Bocian biały
2004,5096,357,47.26050420168068,13.784313725490197,47.0,59.0,Ciconia ciconia,Bocian biały
2005,4773,375,46.49066666666667,14.501333333333331,46.0,58.0,Ciconia ciconia,Bocian biały
2006,5095,362,47.350828729281766,14.395027624309392,48.0,58.0,Ciconia ciconia,Bocian biały
2007,5098,360,47.50555555555555,14.03888888888889,48.0,59.0,Ciconia ciconia,Bocian biały
2008,5093,334,47.80239520958084,12.709580838323353,48.0,59.0,Ciconia ciconia,Bocian biały
2009,5096,312,47.18910256410256,12.39102564102564,48.0,58.0,Ciconia ciconia,Bocian biały
2010,5097,308,47.33766233766234,12.386363636363637,48.0,59.0,Ciconia ciconia,Bocian biały
2011,5099,317,47.34700315457413,12.04416403785489,48.0,58.0,Ciconia ciconia,Bocian biały
2012,5088,336,46.50892857142857,12.49404761904762,47.0,57.0,Ciconia ciconia,Bocian biały
2013,5100,286,47.64685314685315,11.174825174825177,47.0,59.0,Ciconia ciconia,Bocian biały
2014,5100,289,46.78200692041523,11.570934256055365,46.0,58.0,Ciconia ciconia,Bocian biały
2015,5100,267,46.333333333333336,11.209737827715356,46.0,57.0,Ciconia ciconia,Bocian biały
2016,5100,290,46.56206896551724,13.258620689655173,46.0,57.0,Ciconia ciconia,Bocian biały
2017,5100,245,45.86938775510204,12.624489795918368,45.0,57.0,Ciconia ciconia,Bocian biały
2018,5100,252,46.54365079365079,12.563492063492063,46.0,58.0,Ciconia ciconia,Bocian biały
2019,5100,399,46.44862155388471,14.451127819548873,47.0,57.0,Ciconia ciconia,Bocian biały
2020,5100,143,50.96503496503497,12.93006993006993,52.0,58.0,Ciconia ciconia,Bocian biały
2021,5100,449,47.18485523385301,15.34521158129176,48.0,57.0,Ciconia ciconia,Bocian biały
2022,5100,303,48.38943894389439,13.676567656765677,49.0,58.0,Ciconia ciconia,Bocian biały
2023,5100,383,48.942558746736296,15.827676240208875,50.0,58.0,Ciconia ciconia,Bocian biały
2024,5100,391,48.54731457800512,15.312020460358056,49.0,58.0,Ciconia ciconia,Bocian biały
1980,5087,312,51.157051282051285,8.333333333333334,52.0,63.0,Hirundo rustica,Jaskółka dymówka
1981,5072,332,52.08433734939759,8.189759036144578,53.0,64.44999999999999,Hirundo rustica,Jaskółka dymówka
1982,5058,317,52.30914826498423,8.56782334384858,53.0,65.0,Hirundo rustica,Jaskółka dymówka
1983,5097,307,51.60260586319218,8.833876221498372,52.0,64.0,Hirundo rustica,Jaskółka dymówka
1984,5095,259,50.30501930501931,6.324324324324325,51.0,63.0,Hirundo rustica,Jaskółka dymówka
1985,5089,311,50.2540192926045,8.739549839228296,51.0,63.0,Hirundo rustica,Jaskółka dymówka
1986,5076,363,50.79614325068871,10.024793388429751,51.0,64.0,Hirundo rustica,Jaskółka dymówka
1987,5089,357,50.142857142857146,8.436974789915967,51.0,63.0,Hirundo rustica,Jaskółka dymówka
1988,5097,326,51.282208588957054,7.552147239263804,51.5,64.0,Hirundo rustica,Jaskółka dymówka
1989,5079,369,50.95121951219512,8.140921409214092,52.0,63.599999999999966,Hirundo rustica,Jaskółka dymówka
1990,5092,365,50.14520547945205,7.843835616438356,51.0,63.0,Hirundo rustica,Jaskółka dymówka
1991,5095,257,50.28793774319066,7.124513618677042,51.0,62.0,Hirundo rustica,Jaskółka dymówka
1992,5092,323,50.588235294117645,8.06501547987616,51.0,63.0,Hirundo rustica,Jaskółka dymówka
1993,5091,351,50.43019943019943,8.863247863247864,51.0,63.0,Hirundo rustica,Jaskółka dymówka
1994,5097,269,49.78438661710037,7.382899628252788,51.0,63.0,Hirundo rustica,Jaskółka dymówka
1995,5098,357,50.53221288515406,8.35014005602241,51.0,63.0,Hirundo rustica,Jaskółka dymówka
1996,5100,297,49.28282828282829,7.175084175084175,50.0,62.0,Hirundo rustica,Jaskółka dymówka
1997,5094,300,49.25333333333333,7.126666666666667,50.0,61.0,Hirundo rustica,Jaskółka dymówka
1998,5097,302,49.49337748344371,7.142384105960265,50.0,61.0,Hirundo rustica,Jaskółka dymówka
1999,5098,324,49.38580246913581,7.070987654320987,50.0,61.0,Hirundo rustica,Jaskółka dymówka
2000,5099,276,49.35507246376812,5.942028985507246,50.0,60.25,Hirundo rustica,Jaskółka dymówka
2001,5097,390,48.266666666666666,8.823076923076924,48.0,60.0,Hirundo rustica,Jaskółka dymówka
2002,5099,275,49.89454545454546,6.578181818181818,50.0,60.30000000000001,Hirundo rustica,Jaskółka dymówka
2003,5095,298,48.939597315436245,6.4865771812080535,50.0,60.0,Hirundo rustica,Jaskółka dymówka
2004,5098,184,50.016304347826086,9.369565217391305,51.0,61.85,Hirundo rustica,Jaskółka dymówka
2005,5099,169,49.79289940828402,7.769230769230769,51.0,62.6,Hirundo rustica,Jaskółka dymówka
2006,5100,259,50.054054054054056,8.54054054054054,52.0,61.1,Hirundo rustica,Jaskółka dymówka
2007,5100,189,51.142857142857146,10.597883597883598,53.0,62.6,Hirundo rustica,Jaskółka dymówka
2008,5096,217,51.0,9.138248847926269,52.0,63.0,Hirundo rustica,Jaskółka dymówka
2009,5100,215,50.72093023255814,8.418604651162791,52.0,63.29999999999998,Hirundo rustica,Jaskółka dymówka
2010,5095,216,50.50925925925926,6.407407407407407,52.0,62.0,Hirundo rustica,Jaskółka dymówka
2011,5098,255,50.69019607843137,6.388235294117648,52.0,64.0,Hirundo rustica,Jaskółka dymówka
2012,5100,283,48.03533568904594,10.356890459363958,47.0,62.0,Hirundo rustica,Jaskółka dymówka
2013,5078,270,49.54074074074074,7.696296296296296,50.0,62.54999999999998,Hirundo rustica,Jaskółka dymówka
2014,5100,325,48.246153846153845,8.221538461538461,47.0,61.80000000000001,Hirundo rustica,Jaskółka dymówka
2015,5098,344,48.20348837209303,8.537790697674419,49.0,60.0,Hirundo rustica,Jaskółka dymówka
2016,5100,114,52.24561403508772,8.62280701754386,56.0,63.35,Hirundo rustica,Jaskółka dymówka
2017,5100,138,51.42028985507246,9.159420289855072,54.0,60.0,Hirundo rustica,Jaskółka dymówka
2018,5100,137,55.86131386861314,11.510948905109489,58.0,65.0,Hirundo rustica,Jaskółka dymówka
2019,5100,231,53.298701298701296,9.761904761904765,55.0,67.0,Hirundo rustica,Jaskółka dymówka
2020,5100,228,53.29824561403509,12.710526315789474,55.0,63.0,Hirundo rustica,Jaskółka dymówka
2021,5100,317,50.09148264984227,12.3596214511041,50.0,61.19999999999999,Hirundo rustica,Jaskółka dymówka
2022,5100,365,49.92602739726028,12.150684931506849,50.0,62.0,Hirundo rustica,Jaskółka dymówka
2023,5100,403,49.883374689826304,10.870967741935484,51.0,61.0,Hirundo rustica,Jaskółka dymówka
2024,5100,351,50.41310541310541,14.507122507122508,51.0,62.0,Hirundo rustica,Jaskółka dymówka
1980,1806,270,53.696296296296296,10.748148148148148,55.0,66.0,Cuculus canorus,Kukułka
1981,2087,295,54.68474576271186,10.193220338983052,56.0,66.0,Cuculus canorus,Kukułka
1982,2321,289,55.15570934256056,11.176470588235292,57.0,66.0,Cuculus canorus,Kukułka
1983,2570,329,53.74164133738602,10.881458966565347,55.0,66.0,Cuculus canorus,Kukułka
1984,3284,360,53.65,10.658333333333331,55.0,65.05000000000001,Cuculus canorus,Kukułka
1985,3723,369,54.02981029810298,11.601626016260164,56.0,66.0,Cuculus canorus,Kukułka
1986,3275,384,53.90625,11.9375,55.0,67.0,Cuculus canorus,Kukułka
1987,3817,405,54.25432098765432,12.377777777777778,55.0,68.0,Cuculus canorus,Kukułka
1988,3195,385,53.885714285714286,11.976623376623376,55.0,67.0,Cuculus canorus,Kukułka
1989,3310,389,54.02313624678664,11.161953727506427,55.0,67.0,Cuculus canorus,Kukułka
1990,3014,349,53.61031518624642,11.255014326647563,55.0,66.0,Cuculus canorus,Kukułka
1991,3320,378,53.67989417989418,11.843915343915343,54.0,66.0,Cuculus canorus,Kukułka
1992,3756,384,54.1171875,11.4765625,55.0,67.0,Cuculus canorus,Kukułka
1993,4645,426,52.77230046948357,11.612676056338028,53.5,66.0,Cuculus canorus,Kukułka
1994,4336,405,53.95802469135803,11.451851851851853,55.0,67.0,Cuculus canorus,Kukułka
1995,4826,448,53.598214285714285,11.232142857142858,54.0,67.0,Cuculus canorus,Kukułka
1996,4887,431,53.32714617169373,11.148491879350347,54.0,67.0,Cuculus canorus,Kukułka
1997,5085,447,53.45190156599553,11.239373601789708,54.0,66.69999999999999,Cuculus canorus,Kukułka
1998,5097,461,53.470715835141,12.062906724511931,54.0,67.0,Cuculus canorus,Kukułka
1999,5096,456,52.78508771929825,10.710526315789474,53.0,66.0,Cuculus canorus,Kukułka
2000,5099,469,52.81236673773987,10.867803837953092,53.0,67.0,Cuculus canorus,Kukułka
2001,5095,453,51.24944812362031,10.40176600441501,51.0,65.0,Cuculus canorus,Kukułka
2002,5095,427,51.44028103044496,9.079625292740047,51.0,65.0,Cuculus canorus,Kukułka
2003,5099,390,50.93076923076923,7.817948717948718,50.0,65.0,Cuculus canorus,Kukułka
2004,5092,360,50.38333333333333,8.866666666666667,50.0,64.0,Cuculus canorus,Kukułka
2005,5097,369,49.47425474254742,9.170731707317072,49.0,63.0,Cuculus canorus,Kukułka
2006,5099,369,48.56639566395664,8.598915989159892,48.0,60.0,Cuculus canorus,Kukułka
2007,5098,379,48.10290237467019,9.261213720316622,48.0,59.0,Cuculus canorus,Kukułka
2008,5083,376,48.723404255319146,8.460106382978724,48.0,60.0,Cuculus canorus,Kukułka
2009,5099,302,48.49337748344371,7.360927152317881,48.0,59.0,Cuculus canorus,Kukułka
2010,5094,262,47.66412213740458,6.603053435114504,47.0,58.0,Cuculus canorus,Kukułka
2011,5100,301,47.415282392026576,6.368770764119601,47.0,58.0,Cuculus canorus,Kukułka
2012,5095,307,47.28013029315961,8.071661237785015,47.0,58.0,Cuculus canorus,Kukułka
2013,5094,314,47.13375796178344,7.388535031847134,47.0,58.0,Cuculus canorus,Kukułka
2014,5100,285,47.63508771929825,8.280701754385966,47.0,58.0,Cuculus canorus,Kukułka
2015,5100,269,46.84386617100372,7.152416356877324,46.0,57.0,Cuculus canorus,Kukułka
2016,5100,384,47.075520833333336,11.708333333333334,46.0,59.0,Cuculus canorus,Kukułka
2017,5099,334,45.23952095808383,8.988023952095809,45.0,55.0,Cuculus canorus,Kukułka
2018,5100,377,46.54641909814324,9.981432360742703,46.0,58.0,Cuculus canorus,Kukułka
2019,5100,489,46.627811860940696,11.370143149284251,47.0,57.0,Cuculus canorus,Kukułka
2020,5100,338,47.70710059171598,10.34319526627219,48.0,58.0,Cuculus canorus,Kukułka
2021,5100,431,45.97447795823666,10.28538283062645,46.0,55.0,Cuculus canorus,Kukułka
2022,5100,453,46.496688741721854,10.91832229580574,46.0,56.0,Cuculus canorus,Kukułka
2023,5100,445,47.15730337078652,10.92808988764045,47.0,57.0,Cuculus canorus,Kukułka
2024,5100,275,49.018181818181816,13.072727272727272,49.0,59.0,Cuculus canorus,Kukułka
